page_source,station,jan,feb,mar,apr,may,jun,jul,aug,sep,oct,nov,dec
460,Dhaka,25.1,27.1,33.9,34.1,33.5,33.3,34.2,34.2,32.8,32.7,31.0,27.4
460,Tangail,23.8,25.9,33.4,34.2,33.1,33.4,34.4,34.0,33.0,32.4,30.5,26.5
460,Mymensingh,24.2,25.0,32.0,32.0,31.8,31.0,33.2,33.3,32.3,32.1,30.4,26.4
460,Faridpur,24.3,26.6,33.8,34.4,33.4,33.4,33.8,33.5,32.8,32.9,30.5,27.0
460,Madaripur,23.7,26.3,33.2,34.4,34.1,33.3,33.7,33.4,32.9,31.5,29.6,26.3
460,Srimangal,25.3,26.9,33.2,33.9,32.3,31.9,34.0,34.0,33.6,32.2,31.6,28.0
460,Sylhet,25.9,26.6,33.5,32.0,31.1,29.8,34.0,34.3,33.2,32.1,31.3,27.3
460,Bogura,23.4,25.5,33.3,33.4,32.8,32.5,34.1,33.8,32.8,32.6,31.0,26.7
460,Dinajpur,22.2,24.5,32.4,31.6,32.5,32.2,34.6,33.6,32.8,32.5,30.2,26.6
460,Ishwardi,23.3,25.6,33.9,35.7,34.0,34.4,35.0,34.4,33.7,32.6,30.2,26.4
460,Rajshahi,23.4,26.0,34.8,36.7,34.7,34.9,36.4,34.7,34.0,33.0,30.3,26.7
460,Rangpur,23.4,24.5,32.2,30.5,32.0,31.8,34.7,34.0,32.8,32.0,30.0,26.5
460,Syedpur,23.6,25.2,32.9,31.3,33.0,32.3,35.5,34.7,33.7,33.2,30.6,27.2
460,Chuadanga,23.2,25.9,33.7,35.7,34.2,34.6,34.9,33.7,33.7,32.7,30.0,26.5
460,Jashore,24.6,27.5,34.0,35.7,34.9,34.7,34.5,33.8,33.7,32.8,30.9,27.8
460,Khulna,24.2,27.2,33.6,35.1,34.8,34.0,33.7,33.4,33.2,32.6,30.6,27.4
460,Mongla,24.7,27.8,33.9,35.3,34.8,34.1,33.7,33.2,33.2,32.2,30.2,27.7
460,Satkhira,23.8,26.6,32.9,34.7,34.2,33.9,32.8,32.7,32.7,32.0,30.0,27.0
460,Barishal,25.3,27.9,33.5,33.8,33.6,33.1,33.1,32.9,32.8,32.4,30.9,27.9
460,Bhola,25.1,27.5,33.4,33.6,33.3,32.7,33.1,32.9,33.0,32.7,31.1,27.9
460,Khepupara,25.7,28.2,33.5,33.6,33.7,32.7,32.7,32.6,32.5,32.4,32.5,28.2
460,Patuakhali,25.2,28.1,33.7,34.1,33.7,32.9,32.8,32.8,32.8,33.2,30.5,27.8
460,Chandpur,25.6,28.0,34.0,34.3,34.1,33.0,34.0,34.1,33.1,33.1,31.3,27.5
460,Ambagan(Ctg,26.4,28.6,33.0,33.0,32.7,31.6,33.0,32.8,32.4,32.8,31.9,29.0
460,Chittagong,26.0,27.9,32.4,33.1,33.1,32.1,33.2,33.2,32.5,32.9,31.4,28.5
460,Cumilla,25.3,27.0,32.8,32.9,33.0,31.6,33.5,33.7,32.8,32.8,31.7,27.9
460,Cox's Bazar,27.3,28.6,32.7,33.4,32.8,31.2,32.2,32.3,32.1,33.4,32.2,29.9
460,Feni,25.9,28.4,33.9,33.6,32.8,31.7,33.6,33.7,32.6,32.8,31.7,28.3
460,Hatiya,25.1,27.3,33.0,33.1,32.9,31.5,31.7,31.7,32.3,32.1,30.4,27.7
460,Kutubdia,25.9,28.1,31.7,32.9,32.8,32.0,33.0,32.6,32.4,32.7,31.5,28.9
460,M.court,24.6,27.1,33.1,33.7,33.4,32.3,33.4,33.1,32.6,31.8,30.6,27.1
460,Rangamati,25.9,28.5,34.4,34.8,32.6,31.7,33.6,33.5,32.8,32.8,31.3,28.2
460,Sandwip,26.4,28.4,33.4,32.5,32.5,31.5,32.6,32.7,32.5,33.2,31.9,29.0
460,Sitakunda,26.8,28.5,33.7,33.0,32.7,31.8,33.1,33.4,33.0,33.0,32.1,29.2
460,Teknaf,28.9,29.8,33.2,33.4,32.9,31.7,31.9,31.7,31.5,32.4,31.5,30.1
460,Gopalgonj,*,*,*,*,*,*,*,*,*,*,*,*
460,Tarash,*,*,*,*,*,*,*,*,*,*,*,*
460,Netrokona,*,*,*,*,*,*,*,*,*,*,*,*
460,Rajarhat,*,*,*,*,*,*,*,*,*,*,*,*
460,Badalgachhi,*,*,*,*,*,*,*,*,*,*,*,*
460,Dimla,*,*,*,*,*,*,*,*,*,*,*,*
460,Netrokonai,*,*,*,*,*,*,*,*,*,*,*,*
461,Dhaka,25.1,29.3,32.4,36.4,35.4,34.2,34.4,32.7,34,32.8,*,*
461,Tangail,24.3,28.9,31.8,35.8,35.1,34.8,34.7,33.2,34.2,32.7,*,*
461,Mymensingh,24.4,27.9,29.8,34.1,33.5,32.8,33.6,32.7,33.5,31.6,*,*
461,Faridpur,24.6,29.6,32.5,36.7,34.6,33.9,34.4,33.2,33.6,33,*,*
461,Madaripur,24.1,28.5,31.7,35.5,34.8,34,33.9,32.4,32.9,32.1,*,*
461,Srimangal,26.7,29.6,31.3,34.9,34.5,33.4,34.4,32.9,34.9,32.4,*,*
461,Sylhet,26.5,29.1,30.8,33.3,33.3,31.9,33.2,32,34.4,31.8,*,*
461,Bogura,24.1,28.6,31.4,35.3,34.6,34.9,34.2,33.1,34,32.3,*,*
461,Dinajpur,23.5,28,30.9,34.4,34.5,35.2,34.1,33.4,33.4,31.7,*,*
461,Ishwardi,24,28.9,32.6,37.3,35.7,36.3,35.3,34.1,34.3,32.3,*,*
461,Rajshahi,24.2,29.5,32.8,37.5,36.3,37.3,35.8,34,34.3,32.4,*,*
461,Rangpur,23.9,27.7,30.7,34.1,34,33.7,33.9,33.4,34.1,31.8,*,*
461,Syedpur,24.3,28.5,31.7,34.6,34.8,34.9,34.2,34,34.3,32.6,*,*
461,Chuadanga,24.2,29.5,33.1,38,36.3,35.9,35.4,33.9,34.1,32.9,*,*
461,Jashore,25.2,30.3,33.2,37.5,35.8,35.8,34.7,33.5,33.9,33.2,*,*
461,Khulna,25.4,29.7,32.5,36.7,35.7,34.7,33.9,32.7,33.2,33.1,*,*
461,Mongla,26,30.4,33.1,36.8,35.3,34.8,34.5,33,33.2,33.1,*,*
461,Satkhira,25,29.3,31.8,36.2,35.3,34.5,33.9,32.8,33.1,32.6,*,*
461,Barishal,26.3,29.9,32.5,35.4,34.6,33.5,33.4,31.8,32.9,32.4,*,*
461,Bhola,26.4,29.9,32.3,35.4,34.4,33.5,33.5,32.1,33,32.8,*,*
461,Khepupara,27.6,30.7,33.2,35.7,34.7,33.2,33,31.7,32.6,32.4,*,*
461,Patuakhali,26.9,30.5,32.7,35.7,34.7,33.5,33.1,31.9,32.6,32.6,*,*
461,Chandpur,25.2,29.5,32.3,35.6,34.7,33.8,34,32.6,33.7,32.8,*,*
461,Ambagan(Ctg,28.2,29.6,33.3,35.1,33.6,32.7,33.5,31.1,33,32.3,*,*
461,Chittagong,27.1,28.9,32.1,34.1,33.2,32.9,33.7,31.3,33.1,32.3,*,*
461,Cumilla,26.2,28.9,31.4,34.6,34.2,32.8,33.4,31.6,33.5,32.3,*,*
461,Cox's Bazar,28.2,30.4,33.1,34.8,33.4,32.4,32.3,31,32.5,32.6,*,*
461,Feni,27.2,30,32.1,35.7,34.5,32.5,34,31.8,33.8,32.7,*,*
461,Hatiya,26.8,28.9,31.5,34.5,33.3,32.3,32,30.9,32.1,31.5,*,*
461,Kutubdia,27.2,29.1,31.3,33.9,33.4,32.5,33.2,31.3,32.5,****,*,*
461,M.court,25.8,29.3,31.6,35.2,34.2,32.6,33.2,31.5,32.8,31.7,*,*
461,Rangamati,27.6,30.7,32.8,35.8,34.8,33.2,33.9,30.6,33.6,32,*,*
461,Sandwip,27.8,30.1,32.3,34.7,33.7,32.5,33,31.2,33.1,32.4,*,*
461,Sitakunda,28.3,30.6,32.6,34.7,33.6,32.6,33.7,31.5,34.4,33.5,*,*
461,Teknaf,29.3,30.9,33.4,34,33.7,31.5,****,****,****,****,*,*
461,Gopalgonj,24.5,29.2,31.9,35.7,34.8,33.8,33.4,32.1,32.4,32.1,*,*
461,Tarash,23.2,27.9,30.7,34.5,34.2,35.1,34,33.2,34.2,31.9,*,*
461,Netrokona,25,28,30.1,33.5,33.3,32.4,32.2,32.3,33.4,31.5,*,*
461,Rajarhat,23.7,27.4,30.2,33.4,33.3,32.5,33.3,33,33.5,31.3,*,*
461,Badalgachhi,23.8,28.3,31.3,35,34.7,35.4,34,33.3,33.5,31.5,*,*
461,Dimla,23.6,26.9,30,33.1,33.9,32.9,33.1,32.7,33,31.1,*,*
461,Kumarkhali,24.8,30.3,33.2,37,35.1,35.2,34.5,33.1,33.7,32.7,*,*
461,Tetulia,23.7,27.1,30.1,32.7,33.2,32.8,32.8,32.4,33.3,31.5,*,*
461,Nikli,23.9,23.6,27.7,30.1,34.8,34.1,33.3,34.1,32.5,34.1,*,*
462,Dinajpur,20.2,26.6,29.8,36.3,34.3,32.9,34.1,33.6,33.7,31.5,30.2,25.9
462,Rangpur,20.8,26.5,29.7,35.4,34.2,32.6,34.2,33.8,33.5,31.9,***,***
462,Rajshahi,21.9,27.4,31.7,39.0,35.9,36.2,34.8,33.5,33.8,32.4,30.1,26.1
462,Bogura,21.3,27.2,30.5,37.0,34.3,33.3,34.0,32.7,33.7,31.9,30.7,26.5
462,Mymensingh,21.7,26.6,29.8,35.1,33.9,31.6,33.1,32.0,33.6,31.4,30.5,26.5
462,Sylhet,24.6,27.5,31.0,32.9,32.6,30.7,33.3,31.9,34.4,31.2,30.4,27.1
462,Srimangal,23.4,27.8,31.2,35.8,33.9,32.2,34.2,32.2,34.2,32.3,31.2,27.0
462,Ishwardi,22.1,27.3,31.9,39.2,36.2,36.2,34.5,33.2,33.6,32.3,30.1,25.8
462,Dhaka,23.0,28.5,31.8,37.0,34.9,34.1,33.8,32.2,33.5,32.7,31.2,27.1
462,Cumilla,23.0,28.1,30.7,34.5,34.0,32.6,32.9,30.7,33.3,32.6,31.1,***
462,Chandpur,23.1,28.5,31.4,35.6,34.7,34.2,33.3,31.6,33.4,32.7,30.9,26.8
462,Jashore,23.4,28.6,32.6,38.5,36.2,36.3,33.7,32.7,33.9,33.0,30.7,27.0
462,Faridpur,22.9,28.4,32.1,37.8,35.1,35.0,33.7,32.8,33.7,32.6,30.9,***
462,Madaripur,22.2,27.6,31.1,36.2,35.0,34.6,33.0,31.6,32.9,32.5,30.1,***
462,Khulna,23.1,28.1,32.0,37.8,35.5,35.5,33.2,31.7,33.6,33.0,30.8,***
462,Satkhira,23.0,27.9,31.5,37.4,35.2,35.3,33.2,31.7,33.0,32.3,30.0,***
462,Barishal,23.9,29.0,32.1,36.5,34.8,34.5,32.7,31.0,33.1,32.8,30.8,***
462,Bhola,24.1,28.9,31.9,35.9,34.8,34.3,32.8,31.0,33.4,33.0,31.1,27.1
462,Feni,24.1,29.1,31.9,35.2,34.7,32.9,33.0,31.0,33.8,33.7,32.3,28.2
462,M.court,23.2,28.1,31.1,34.8,34.4,32.9,32.2,30.2,32.9,32.6,30.7,26.7
462,Hatiya,24.3,28.2,***,***,***,***,***,***,***,***,***,***
462,Sitakunda,26.0,30.0,32.5,35.3,34.9,33.5,32.8,30.7,33.4,33.5,32.3,***
462,Sandwip,25.5,29.1,31.8,34.3,34.4,32.6,31.9,30.2,33.0,33.3,31.8,28.8
462,Ambagan(Ctg,25.5,29.4,32.2,35.6,34.1,33.0,32.1,30.3,32.9,33.2,32.1,***
462,Kutubdia,24.9,28.0,31.1,34.6,33.7,33.0,31.7,30.6,32.6,33.0,31.8,28.1
462,Cox's Bazar,26.2,29.5,32.2,35.0,34.1,32.4,30.8,30.6,32.4,33.0,32.1,***
462,Teknaf,27.4,30.0,32.5,34.8,***,***,***,***,***,***,***,***
462,Rangamati,25.1,29.2,32.8,37.0,34.5,33.1,32.6,30.9,33.6,32.6,30.9,***
462,Patuakhali,24.5,29.2,32.7,36.7,35.1,34.5,32.4,31.1,33.1,33.2,30.6,27.4
462,Khepupara,25.1,29.8,32.8,36.7,35.1,34.5,32.5,31.0,32.9,33.5,31.0,28.0
462,Syedpur,21.0,27.3,30.9,36.2,34.6,32.6,34.1,33.6,34.2,32.1,30.5,***
462,Tangail,22.3,27.8,31.4,37.7,35.2,34.2,34.0,32.4,33.7,32.3,31.2,26.7
462,Mongla,23.8,28.9,32.5,38.3,35.6,35.2,33.1,31.6,33.3,33.3,30.5,26.9
462,Chuadanga,22.3,27.8,32.2,39.1,36.5,36.5,34.7,33.0,34.0,32.6,30.2,25.8
462,Chittagong,24.8,28.7,31.7,34.8,34.0,33.2,32.5,30.6,32.9,33.0,31.4,***
463,Dhaka,15.3,16.0,23.0,25.9,25.4,27.0,27.7,27.3,26.9,25.0,20.7,17.2
463,Tangail,12.9,13.8,20.5,25.1,24.5,25.9,27.1,26.4,25.9,23.9,18.4,14.9
463,Mymensingh,13.5,14.0,20.4,24.1,24.3,25.7,27.0,26.9,26.1,24.5,18.2,14.7
463,Faridpur,13.7,14.1,20.8,25.1,24.7,26.2,26.7,26.6,26.2,25.0,18.7,14.8
463,Madaripur,13.1,13.2,19.3,24.9,24.5,26.0,26.7,26.3,26.1,23.8,18.5,14.5
463,Srimangal,11.7,11.2,17.0,22.7,23.4,24.8,25.9,25.5,25.3,22.7,17.3,13.3
463,Sylhet,14.4,13.9,20.1,22.2,23.3,24.5,25.8,26.1,25.5,24.5,19.5,16.5
463,Bogura,12.9,14.1,21.1,24.8,24.4,25.7,27.2,27.1,26.1,24.1,18.4,15.0
463,Dinajpur,11.4,12.2,19.1,23.2,23.7,24.9,27.3,26.8,26.1,23.5,16.8,13.4
463,Ishwardi,12.0,12.7,19.5,25.5,24.1,26.2,26.7,26.1,25.5,23.2,16.7,13.0
463,Rajshahi,12.2,12.6,19.8,25.7,24.2,26.2,27.0,26.6,26.1,24.0,18.4,15.0
463,Rangpur,12.3,13.1,20.1,23.0,24.0,25.1,27.2,26.7,26.0,23.8,18.4,14.7
463,syedpur,11.6,12.2,19.2,22.5,23.6,25.0,27.2,26.7,25.9,22.7,16.9,13.3
463,Chuadanga,12.0,12.6,19.5,25.3,24.7,26.5,26.7,26.4,26.0,23.2,16.5,12.8
463,Jashore,12.5,13.7,20.1,25.7,25.2,26.9,26.3,26.2,25.5,23.0,16.2,13.2
463,Khulna,14.2,15.4,21.3,26.3,25.7,27.2,27.0,26.8,26.4,24.9,18.9,15.5
463,Mongla,14.8,15.8,21.6,26.3,26.1,27.0,26.8,26.5,26.2,24.6,19.8,16.2
463,Satkhira,14.4,15.0,21.4,26.5,25.2,27.2,27.0,26.5,26.4,24.1,18.3,14.7
463,Barishal,12.8,13.6,19.6,25.7,25.1,26.4,26.7,26.2,25.9,23.6,18.1,14.0
463,Bhola,13.4,13.9,20.0,25.5,25.1,26.5,26.6,26.3,26.0,23.9,18.7,14.3
463,Khepupara,14.0,15.0,20.7,26.3,25.7,26.8,26.5,26.2,25.8,24.7,19.2,15.2
463,Patuakhali,14.5,14.9,20.8,25.6,25.4,26.6,26.8,26.6,26.2,25.5,19.6,15.6
463,Chandpur,15.2,15.4,21.7,25.6,25.3,26.6,26.9,26.8,26.3,24.6,20.9,17.1
463,Ambagan(Ctg,15.7,15.7,22.0,25.8,24.9,25.7,26.3,26.1,25.6,24.4,21.1,17.3
463,Chittagong,16.0,15.6,21.8,26.0,25.1,25.6,26.4,26.3,25.7,25.5,21.9,17.9
463,Cumilla,14.2,13.8,19.5,24.8,24.6,25.6,26.1,26.1,25.6,23.8,18.7,14.2
463,Cox's Bazar,16.7,16.4,22.0,25.6,25.7,25.2,25.9,25.8,25.4,25.4,22.5,18.8
463,Feni,13.4,14.0,19.7,24.9,24.7,25.3,25.8,25.9,25.3,23.6,19.0,14.6
463,Hatiya,14.7,13.9,19.8,25.3,25.5,25.9,26.1,25.8,25.8,24.2,19.9,16.0
463,Kutubdia,15.7,15.0,19.9,24.3,24.6,24.6,25.8,25.4,25.1,24.2,20.7,16.9
463,M.court,15.4,15.4,21.1,25.2,25.2,26.2,26.8,26.4,26.1,24.9,21.0,16.9
463,Rangamati,13.7,13.0,19.2,24.6,24.1,24.7,25.2,25.1,24.9,23.8,19.4,15.7
463,Sandwip,14.0,13.9,20.3,25.6,25.2,25.8,26.3,26.2,25.6,23.7,18.8,14.6
463,Sitakunda,12.2,12.1,19.5,24.9,24.7,24.2,25.7,25.3,25.1,23.7,18.8,14.6
463,Teknaf,14.7,16.1,21.2,25.6,25.8,25.4,25.7,25.4,25.8,25.5,20.6,18.1
463,Gopalgonj,*,*,*,*,*,*,*,*,*,*,*,*
463,Tarash,*,*,*,*,*,*,*,*,*,*,*,*
463,Netrokona,*,*,*,*,*,*,*,*,*,*,*,*
463,Rajarhat,*,*,*,*,*,*,*,*,*,*,*,*
463,Badalgachhi,*,*,*,*,*,*,*,*,*,*,*,*
463,Dimla,*,*,*,*,*,*,*,*,*,*,*,*
463,Netrokonai,*,*,*,*,*,*,*,*,*,*,*,*
464,Dhaka,14.5,18.2,21.8,25,25.4,27.3,27.7,27,26.9,25.2,*,*
464,Tangail,12.5,16.3,20.2,23.3,23.6,25.9,26,25.5,25.2,22.3,*,*
464,Mymensingh,12.3,16.4,19.8,22.6,23.6,26.2,27.3,27.1,26.8,24.1,*,*
464,Faridpur,12.5,16.2,19.8,23,23.7,26.6,26.8,26.6,26.7,24.4,*,*
464,Madaripur,12.6,16,19.6,23.3,23.7,26.2,26.8,26.4,26.4,24.2,*,*
464,Srimangal,10.5,13.5,17.4,21,23.1,25.1,26.2,26,26,23.2,*,*
464,Sylhet,13.9,16.6,19.7,22.4,23.6,25.2,26.1,26.1,26.3,23.7,*,*
464,Bogura,12.1,16.2,20.5,23.6,24,26.8,27.4,27.1,27.2,24.3,*,*
464,Dinajpur,10.4,14.1,18.7,21.1,23.1,25.9,27.2,26.9,26.5,22.5,*,*
464,Ishwardi,10.6,14.1,18.8,22.2,23.4,26.9,27,26.7,26.4,23.1,*,*
464,Rajshahi,11.2,14.2,19,22.3,23.6,26.9,27.1,26.9,26.6,23.5,*,*
464,Rangpur,11.4,15.5,19.5,22.4,23.6,25.9,27.4,27,27,23.7,*,*
464,syedpur,10.7,14.6,18.7,21.1,22.6,25.6,27,26.9,26.4,22.7,*,*
464,Chuadanga,11.2,14.6,19.1,22.3,24,27,27,26.7,26.7,23.5,*,*
464,Jashore,12.3,15.8,19.7,23.2,24.1,27,26.9,26.6,26.9,23.8,*,*
464,Khulna,14.1,17.9,20.9,24.9,25,27.5,27.4,26.7,26.6,24.8,*,*
464,Mongla,14.8,18.3,21.4,24.9,24.9,27.1,27.2,26.8,26.4,24.8,*,*
464,Satkhira,13.8,17.6,20.8,24.6,25,27.1,27.6,26.9,27.1,24.8,*,*
464,Barishal,12.3,16.5,19.6,23.7,24,26.7,26.9,26.3,26,24,*,*
464,Bhola,12.6,16.5,19.8,24.1,24.5,26.7,27.1,26.5,26.1,24.4,*,*
464,Khepupara,13.6,17.4,20.8,24.8,24.9,26.8,27,26.1,26,24.6,*,*
464,Patuakhali,14.1,17.3,20.7,24.6,24.7,27,27.1,26.5,26.3,24.9,*,*
464,Chandpur,14.8,18.2,21.2,24.7,24.8,26.9,27.2,26.7,26.9,25.1,*,*
464,Ambagan(Ctg,15.6,17.8,21.8,24.6,25.2,26.3,26.6,26,26.2,24.7,*,*
464,Chittagong,15.6,18.2,21.8,24.9,25.5,26.2,26.8,26.1,26.5,25,*,*
464,Cumilla,13,16.5,19.3,23.3,24,26,26.5,26.2,26.4,24.1,*,*
464,Cox's Bazar,16.4,18.4,22.5,25.2,25.6,26.1,26.2,25.4,26,24.8,*,*
464,Feni,12.9,15.8,18.9,23.1,24.1,25.6,26.2,25.7,25.8,23.7,*,*
464,Hatiya,14.1,16.7,20.5,24,24.7,26,27.1,26.2,26,24.5,*,*
464,Kutubdia,14.9,17.3,20.6,23.6,24.8,24.6,25.5,24.6,24.8,****,*,*
464,M.court,14.9,17.7,20.3,24.4,24.7,26.4,27.1,26.6,26.6,25.3,*,*
464,Rangamati,13.6,16.8,18.7,22.4,24.1,25.3,25.7,25.2,25.4,23.6,*,*
464,Sandwip,13.6,16.4,19.7,23.7,24.5,26.1,26.6,25.7,25.9,24.2,*,*
464,Sitakunda,13.1,15.2,19,22.8,24.2,26.3,26.3,25.6,25.9,23.4,*,*
464,Teknaf,15.4,16.8,19.9,22,26.1,26.5,****,****,****,****,*,*
464,Gopalgonj,13.1,16.5,20.1,24.2,24,26.7,26.9,26.3,26.3,24.1,*,*
464,Tarash,11.9,15.9,19.8,22.5,23.8,27,27.5,27.1,27.3,24.3,*,*
464,Netrokona,12.5,16.3,19,21.7,23.3,25.6,27,26.9,26.7,24.7,*,*
464,Rajarhat,10.3,13.8,17.9,20.5,22.4,25.2,26.8,26.6,26.3,22.7,*,*
464,Badalgachhi,10.4,15,19.2,21.3,23.1,26.5,26.9,27,26.8,23.2,*,*
464,Dimla,10.5,14.5,17.9,20.4,22.3,25.3,27,26.8,26.3,22.3,*,*
464,Kumarkhali,12.2,15.8,20,23.1,24,27,27.1,26.7,26.9,24.2,*,*
464,Tetulia,9.1,13.4,16.5,19.7,21.6,24.8,26,26,25.6,20.7,*,*
464,Nikli,12,11.7,15.4,18.6,21.4,22.5,24.5,26.1,25.6,25.3,*,*
465,Dinajpur,9.7,12.8,16.8,22.2,24.0,25.9,27.2,26.7,26.1,24.0,17.7,12.0
465,Rangpur,11.2,14.2,18.1,23.5,24.5,25.5,27.4,26.7,26.4,23.8,***,***
465,Rajshahi,10.7,14.1,17.9,24.0,25.3,27.5,27.4,26.5,26.6,24.6,18.5,12.7
465,Bogura,11.6,15.4,19.4,25.5,25.2,26.6,27.5,26.8,26.7,24.9,19.6,14.0
465,Mymensingh,13.0,15.7,18.6,24.8,24.8,25.8,27.3,26.8,26.9,24.8,19.0,13.4
465,Sylhet,14.3,16.4,19.4,23.0,24.2,25.0,26.5,25.8,26.8,24.4,20.0,15.3
465,Srimangal,11.8,13.7,17.4,23.6,23.9,25.3,26.6,25.4,26.1,24.0,17.9,12.6
465,Ishwardi,10.7,14.0,17.8,24.4,25.4,27.6,27.4,26.5,26.5,24.8,18.7,12.7
465,Dhaka,14.1,18.1,20.9,27.0,26.2,27.6,27.7,26.7,26.9,25.4,21.0,16.4
465,Cumilla,13.0,16.2,19.2,25.5,25.2,26.5,26.9,25.9,26.5,25.3,20.0,***
465,Chandpur,14.2,17.8,20.9,26.5,26.2,27.9,27.3,26.3,26.8,25.6,21.2,16.2
465,Jashore,11.3,15.9,19.2,25.4,25.9,27.7,27.2,26.6,26.4,25.1,18.9,13.4
465,Faridpur,12.2,16.0,19.6,25.7,25.9,27.5,27.0,26.5,26.8,25.4,19.7,***
465,Madaripur,12.0,15.7,19.1,25.5,25.5,27.3,27.0,26.2,26.6,25.1,19.4,***
465,Khulna,13.2,17.7,21.1,26.7,26.8,28.4,27.2,26.6,26.8,25.8,20.6,***
465,Satkhira,12.9,17.6,20.9,26.5,26.9,28.6,27.5,26.7,27.2,26.0,20.7,***
465,Barishal,12.0,16.5,20.0,26.2,26.0,27.9,27.0,25.9,26.3,25.4,19.9,***
465,Bhola,12.4,16.4,20.1,26.1,25.7,27.8,26.9,25.9,26.2,25.1,19.7,14.6
465,Feni,12.8,16.0,18.7,25.7,25.3,26.2,26.3,25.4,25.9,24.7,19.4,14.2
465,M.court,14.5,17.7,20.6,26.5,25.9,27.3,27.1,25.9,26.6,26.0,21.8,16.6
465,Hatiya,13.8,16.8,***,***,***,***,***,***,***,***,***,****
465,Sitakunda,12.0,15.0,18.0,24.5,24.1,25.9,26.2,25.2,26.0,24.7,18.9,***
465,Sandwip,13.1,16.0,19.5,25.9,25.5,26.8,26.3,25.5,26.1,25.1,20.4,15.2
465,Ambagan(Ctg,14.7,17.7,21.4,26.3,25.6,26.5,26.3,25.5,26.2,25.4,21.3,***
465,Kutubdia,14.7,16.5,20.0,25.5,26.1,26.7,26.0,25.4,26.1,25.3,21.5,17.5
465,Cox's Bazar,15.8,18.7,21.8,27.1,26.7,26.2,25.8,25.3,26.1,25.8,22.9,***
465,Teknaf,15.0,16.8,19.7,24.8,***,***,***,***,***,***,***,***
465,Rangamati,13.1,14.9,18.3,24.9,24.5,26.0,25.3,24.8,25.3,24.5,20.1,***
465,Patuakhali,13.5,17.6,21.2,26.2,26.1,28.1,27.0,26.1,26.7,25.8,20.7,16.2
465,Khepupara,12.8,17.0,21.0,26.8,26.6,28.1,26.6,25.6,26.0,25.5,20.1,15.3
465,Syedpur,10.3,13.3,17.2,22.3,23.9,25.7,27.3,26.8,26.3,24.0,18.6,***
465,Tangail,11.9,16.0,19.5,25.9,25.6,26.6,26.8,25.3,26.0,24.2,18.5,12.9
465,Mongla,13.7,18.0,21.5,26.4,26.5,28.0,27.3,26.4,26.6,25.6,20.9,16.4
465,Chuadanga,10.6,14.7,18.6,24.6,25.9,27.7,27.3,26.3,26.6,24.7,18.6,12.8
465,Chittagong,14.9,17.8,21.4,26.7,26.1,27.0,26.4,25.6,26.4,25.8,22.2,***
466,Station name,Jan.,Feb,Mar.,Apr.,May,Jun.,Jul.,Aug.,Sep,Oct,Nov,Dec
466,Dhaka,71,62,55,72,75,79,74,75,80,75,63,69
466,Tangail,81,73,66,75,78,81,77,78,82,79,76,81
466,Mymensingh,80,75,72,81,82,87,82,80,87,86,81,84
466,Faridpur,78,72,64,75,79,83,81,82,84,89,74,78
466,Madaripur,83,78,72,77,80,85,81,82,85,84,82,82
466,Srimangal,84,76,72,76,84,88,84,83,86,86,81,83
466,Sylhet,74,68,66,79,82,89,82,80,84,93,73,76
466,Bogura,78,70,63,77,77,82,77,77,84,79,72,76
466,Dinajpur,84,76,69,79,79,83,78,80,84,83,76,78
466,Ishwardi,82,77,67,74,79,81,79,81,85,82,77,79
466,Rajshahi,82,77,67,74,80,83,80,83,87,81,76,78
466,Rangpur,82,76,71,82,80,85,79,80,84,81,76,80
466,Syedpur,81,75,70,80,79,82,77,79,82,79,76,79
466,chuadanga,83,79,72,75,79,80,81,83,85,81,78,81
466,Jashore,82,79,72,76,77,79,79,81,83,83,78,79
466,Khulna,78,74,69,74,74,79,79,82,82,84,76,82
466,Mongla,78,75,71,77,79,84,84,87,87,83,77,78
466,Satkhira,78,75,69,74,75,79,82,82,83,83,74,77
466,Barishal,83,77,73,79,83,86,82,84,87,85,81,83
466,Bhola,84,78,72,79,82,86,84,85,87,85,81,85
466,Khepupara,82,77,72,78,81,84,85,86,87,87,81,82
466,Patuakhali,81,75,68,78,82,86,87,88,89,90,81,81
466,Chandpur,79,73,65,78,80,85,81,83,86,82,75,80
466,Teknaf,70,74,66,77,82,87,84,86,86,83,77,75
466,Ambagan(Ctg),74,63,67,83,84,87,85,83,85,82,75,75
466,Cumilla,79,73,70,81,83,86,83,82,86,82,75,80
466,Cox's Bazar,73,65,70,76,80,86,82,83,85,88,72,70
466,Feni,78,70,66,74,79,83,78,79,85,80,76,78
466,Hatiya,85,78,73,80,82,89,86,88,89,86,83,84
466,Kutubdia,74,77,83,80,80,83,80,81,83,80,76,74
466,M.court,81,75,70,80,82,85,81,82,87,85,80,82
466,Rangamati,76,66,64,68,78,75,65,74,71,71,72,74
466,Sandwip,82,74,71,80,83,87,83,84,88,86,83,83
466,Chittagong,72,63,69,78,81,86,80,80,83,83,69,71
466,Sitakunda,73,66,59,67,71,71,65,66,67,66,66,61
466,Gopalgonj,*,*,*,*,*,*,*,*,*,*,*,*
466,Tarash,*,*,*,*,*,*,*,*,*,*,*,*
466,Netrokona,*,*,*,*,*,*,*,*,*,*,*,*
466,Rajarhati,76,66,64,68,78,75,65,74,71,71,*,*
466,Badalgachhi,*,*,*,*,*,*,*,*,*,*,*,*
466,Dimla,*,*,*,*,*,*,*,*,*,*,*,*
466,Netrokona,*,*,*,*,*,*,*,*,*,*,*,*
467,Station name,Jan.,Feb,Mar.,Apr.,May,Jun.,Jul.,Aug.,Sep,Oct,Nov,Dec
467,Dhaka,72,61,61,55,64,77,75,82,79,73,-,-
467,Tangail,82,72,69,65,69,77,78,82,81,80,-,-
467,Mymensingh,83,78,76,73,75,83,83,85,84,85,-,-
467,Faridpur,81,71,70,66,75,83,82,85,84,80,-,-
467,Madaripur,82,77,75,72,77,84,84,88,86,83,-,-
467,Srimangal,81,74,74,72,73,84,81,85,83,85,-,-
467,Sylhet,72,69,67,69,74,83,83,87,81,82,-,-
467,Bogura,78,68,66,60,68,76,80,82,80,79,-,-
467,Dinajpur,81,73,69,66,67,73,80,83,84,82,-,-
467,Ishwardi,82,75,70,61,71,76,82,84,84,84,-,-
467,Rajshahi,81,73,71,64,72,78,82,85,86,84,-,-
467,Rangpur,82,75,71,68,69,78,80,83,81,81,-,-
467,Syedpur,80,73,69,68,68,76,80,82,81,80,-,-
467,chuadanga,83,75,69,62,72,78,82,85,85,82,-,-
467,Jashore,81,74,70,66,73,79,80,84,84,81,-,-
467,Khulna,81,75,75,68,71,80,82,85,85,79,-,-
467,Mongla,79,74,73,74,79,86,86,89,89,84,-,-
467,Satkhira,79,73,71,69,72,79,82,83,84,80,-,-
467,Barishal,82,77,75,73,77,85,85,91,89,86,-,-
467,Bhola,84,77,77,76,80,86,84,89,88,86,-,-
467,Khepupara,80,79,79,78,80,86,87,91,90,88,-,-
467,Patuakhali,81,75,77,77,80,87,88,90,89,86,-,-
467,Chandpur,80,73,72,72,77,86,84,90,86,82,-,-
467,Teknaf,71,72,71,75,79,86,***,***,***,***,-,-
467,Ambagan(Ctg),72,69,68,73,77,85,81,89,86,87,-,-
467,Cumilla,77,74,74,73,74,84,82,86,84,82,-,-
467,Cox's Bazar,67,68,66,71,77,83,83,89,85,81,-,-
467,Feni,76,69,69,68,73,82,80,86,83,82,-,-
467,Hatiya,81,80,78,78,82,89,86,91,89,89,-,-
467,Kutubdia,73,74,74,75,76,81,80,85,83,***,-,-
467,M.court,80,76,77,75,79,87,83,88,87,82,-,-
467,Rangamati,72,65,66,64,68,76,70,77,72,71,-,-
467,Sandwip,81,76,78,77,80,86,85,90,86,87,-,-
467,Chittagong,67,69,68,71,77,86,84,90,88,84,-,-
467,Sitakunda,60,62,62,65,66,72,71,76,71,70,-,-
467,Gopalgonj,81,73,72,71,75,83,84,87,87,82,-,-
467,Tarash,83,77,77,74,73,78,81,83,82,82,-,-
467,Netrokona,83,79,80,76,76,84,87,85,84,85,-,-
467,Rajarhati,85,80,74,72,73,82,82,85,84,84,-,-
467,Badalgachhi,83,75,76,72,72,77,82,84,85,86,-,-
467,Dimla,82,78,74,73,72,81,84,85,85,83,-,-
467,Kamarkhali,80,72,70,64,73,78,81,84,84,82,-,-
467,Tetulia,81,75,71,70,71,80,85,85,82,81,-,-
467,Nikli,85,84,80,80,75,75,85,81,85,83,-,-
468,Station name,Jan.,Feb,Mar.,Apr.,May,Jun.,Jul.,Aug.,Sep,Oct,Nov,Dec
468,Dhaka,75,59,61,62,69,77,78,82,79,79,63,64
468,Tangail,83,71,69,64,71,80,79,83,81,83,75,77
468,Mymensingh,85,76,75,75,76,86,84,85,83,87,80,82
468,Faridpur,82,71,68,65,73,79,83,85,83,84,74,76
468,Madaripur,86,78,74,73,78,83,86,87,86,85,82,81
468,Srimangal,87,75,72,73,78,86,82,86,82,86,81,84
468,Sylhet,80,70,67,76,77,88,83,86,79,84,75,76
468,Bogura,83,70,68,60,74,82,80,84,82,84,75,75
468,Dinajpur,86,71,68,61,70,82,81,81,82,83,79,78
468,Ishwardi,84,76,70,56,70,78,82,85,85,86,81,80
468,Rajshahi,85,76,71,58,73,79,84,87,86,87,81,80
468,Syedpur,83,71,67,60,68,80,79,79,79,81,76,77
468,Chuadanga,86,76,73,59,71,78,82,87,85,86,81,80
468,Jashore,83,77,72,66,73,78,84,85,84,85,81,80
468,Khulna,83,75,72,68,75,80,87,88,84,84,76,***
468,Mongla,82,77,74,73,80,84,89,91,88,87,80,76
468,Satkhira,81,76,74,68,74,78,85,88,84,84,78,76
468,Barishal,85,75,73,74,78,81,86,91,86,86,80,79
468,Bhola,86,78,76,77,81,84,87,91,87,88,82,82
468,Khepupara,83,77,80,77,83,84,89,91,88,85,80,75
468,Patuakhali,83,75,74,76,82,84,89,92,88,87,83,84
468,Chandpur,84,75,73,77,79,84,85,90,87,86,78,79
468,Teknaf,74,75,77,77,***,***,***,***,***,***,***,***
468,Cumilla,84,72,75,77,78,85,84,86,82,81,76,76
468,Cox's Bazar,70,65,66,72,75,84,88,89,85,79,70,65
468,Feni,80,73,71,73,76,84,83,87,81,81,77,77
468,Hatiya,85,79,78,80,83,88,90,92,***,***,***,***
468,Kutubdia,76,75,73,75,78,82,85,87,84,82,75,71
468,M.court,81,74,73,75,79,83,86,90,84,83,75,74
468,Rangamati,77,68,65,63,68,75,79,86,79,81,79,80
468,Sandwip,84,77,75,78,81,86,88,91,86,87,82,81
468,Chittagong,75,70,68,76,83,87,86,89,84,79,68,65
468,Sitakunda,65,59,59,63,73,79,78,81,70,70,74,68
468,Gopalgonj,83,75,71,69,77,80,86,90,86,86,78,78
468,Tarash,86,78,76,70,76,82,80,85,83,86,80,78
468,Netrokona,87,80,79,78,76,87,83,85,83,87,82,82
468,Rajarhat,87,76,73,69,74,85,83,83,83,86,82,83
468,Badalgachhi,86,75,75,68,76,83,82,85,86,88,83,81
468,Dimla,86,75,72,70,73,85,83,83,84,85,78,81
468,Kumarkhali,83,74,70,62,72,79,83,86,84,86,80,78
468,Tetulia,85,72,69,65,72,85,84,84,83,84,80,81
468,Nikli,90,79,78,78,78,87,80,85,82,86,80,83
